filesize_mb,write_speed_mbps,write_speed_gbps,read_speed_mbps,read_speed_gbps
1,2325.58,2.27108,7874.02,7.68947
10,6743.09,6.58505,12531.3,12.2376
100,7317.43,7.14593,13796.9,13.4735
1000,7496.59,7.32089,13996.4,13.6683
2500,6848.3,6.68779,13900.3,13.5745
5000,6088.29,5.94559,13969.8,13.6423
7500,6357.82,6.20881,14028.3,13.6996
10000,6361.99,6.21289,5719.03,5.58499
12500,6267.29,6.1204,5598.75,5.46753
